{"global_step": 100000, "rollout/ep_rew_mean": 0.11602500036358833, "_timestamp": 1709684103.1042714, "_runtime": 237.67116451263428, "_step": 999, "_wandb": {"runtime": 237}}