{"global_step": 100000, "rollout/ep_rew_mean": 0.9599000042676926, "_timestamp": 1709759144.5858133, "_runtime": 228.33601427078247, "_step": 2499, "_wandb": {"runtime": 227}}