{"global_step": 100000, "rollout/ep_rew_mean": 0.16844999819993972, "_timestamp": 1709757798.8140254, "_runtime": 479.39146542549133, "_step": 999, "_wandb": {"runtime": 478}}