{"global_step": 100000, "rollout/ep_rew_mean": 0.9609999918937683, "_timestamp": 1709674163.6642551, "_runtime": 519.1126191616058, "_step": 999, "_wandb": {"runtime": 518}}