{"global_step": 100000, "rollout/ep_rew_mean": 0.9622749924659729, "_timestamp": 1709674810.446165, "_runtime": 540.6570150852203, "_step": 999, "_wandb": {"runtime": 540}}