{"global_step": 100000, "rollout/ep_rew_mean": 0.14912499904632567, "_timestamp": 1709683353.2995894, "_runtime": 243.51048231124878, "_step": 999, "_wandb": {"runtime": 243}}