{"global_step": 100000, "rollout/ep_rew_mean": 0.6843749989569187, "_timestamp": 1709752205.971303, "_runtime": 501.901230096817, "_step": 999, "_wandb": {"runtime": 501}}