{"global_step": 100000, "rollout/ep_rew_mean": 0.9264999967813492, "_timestamp": 1709752716.5721228, "_runtime": 496.0043218135834, "_step": 999, "_wandb": {"runtime": 495}}