{"global_step": 100000, "rollout/ep_rew_mean": 0.9250249934196472, "_timestamp": 1709759622.6490731, "_runtime": 215.6733021736145, "_step": 2499, "_wandb": {"runtime": 215}}