{"global_step": 100000, "rollout/ep_rew_mean": 0.9516749894618988, "_timestamp": 1709755770.439901, "_runtime": 496.0847451686859, "_step": 999, "_wandb": {"runtime": 495}}