{"global_step": 100000, "rollout/ep_rew_mean": 0.9602749925851822, "_timestamp": 1709750650.3233502, "_runtime": 523.7763411998749, "_step": 999, "_wandb": {"runtime": 523}}