{"global_step": 100000, "rollout/ep_rew_mean": 0.9651499950885772, "_timestamp": 1709756304.4471161, "_runtime": 519.7615361213684, "_step": 999, "_wandb": {"runtime": 519}}