{"global_step": 100000, "rollout/ep_rew_mean": 0.11602500036358833, "_timestamp": 1709684610.3957655, "_runtime": 234.82615542411804, "_step": 999, "_wandb": {"runtime": 234}}