{"global_step": 100000, "rollout/ep_rew_mean": 0.5035999968647957, "_timestamp": 1709759857.026642, "_runtime": 214.65780115127563, "_step": 2499, "_wandb": {"runtime": 214}}