{"global_step": 100000, "rollout/ep_rew_mean": 0.6043999987840653, "_timestamp": 1709760089.5625415, "_runtime": 213.82759857177734, "_step": 2499, "_wandb": {"runtime": 213}}