{"global_step": 100000, "rollout/ep_rew_mean": 0.9324749946594239, "_timestamp": 1709753236.9233308, "_runtime": 505.800274848938, "_step": 999, "_wandb": {"runtime": 502}}