{"global_step": 100000, "rollout/ep_rew_mean": 0.11602500036358833, "_timestamp": 1709683096.4676743, "_runtime": 227.2893271446228, "_step": 999, "_wandb": {"runtime": 226}}