{"global_step": 100000, "rollout/ep_rew_mean": 0.14912499904632567, "_timestamp": 1709684865.9338894, "_runtime": 241.63194227218628, "_step": 999, "_wandb": {"runtime": 241}}