{"global_step": 100000, "rollout/ep_rew_mean": 0.9622749924659729, "_timestamp": 1709751183.2645557, "_runtime": 517.9675886631012, "_step": 999, "_wandb": {"runtime": 517}}