{"global_step": 100000, "rollout/ep_rew_mean": 0.9637749934196472, "_timestamp": 1709759387.1629112, "_runtime": 223.7276542186737, "_step": 2499, "_wandb": {"runtime": 223}}