{"global_step": 100000, "rollout/ep_rew_mean": 0.14912499904632567, "_timestamp": 1709682857.153022, "_runtime": 240.36078095436096, "_step": 999, "_wandb": {"runtime": 239}}