{"global_step": 100000, "rollout/ep_rew_mean": 0.14912499904632567, "_timestamp": 1709683853.675547, "_runtime": 244.64378190040588, "_step": 999, "_wandb": {"runtime": 244}}