{"global_step": 100000, "rollout/ep_rew_mean": 0.11602500036358833, "_timestamp": 1709677675.9911058, "_runtime": 237.066547870636, "_step": 999, "_wandb": {"runtime": 236}}