{"global_step": 100000, "rollout/ep_rew_mean": 0.9484499979019165, "_timestamp": 1709758897.1447875, "_runtime": 219.09396648406982, "_step": 2499, "_wandb": {"runtime": 218}}