{"global_step": 100000, "rollout/ep_rew_mean": 0.11602500036358833, "_timestamp": 1709685112.5843647, "_runtime": 234.8020875453949, "_step": 999, "_wandb": {"runtime": 234}}