{"global_step": 100000, "rollout/ep_rew_mean": 0.7718499997258186, "_timestamp": 1709756803.4654806, "_runtime": 484.5012445449829, "_step": 999, "_wandb": {"runtime": 484}}