{"global_step": 100000, "rollout/ep_rew_mean": 0.3975500001013279, "_timestamp": 1709755258.2004495, "_runtime": 472.08436036109924, "_step": 999, "_wandb": {"runtime": 471}}