{"global_step": 100000, "rollout/ep_rew_mean": 0.36290000192821026, "_timestamp": 1709751690.6963425, "_runtime": 493.15173745155334, "_step": 999, "_wandb": {"runtime": 492}}