{"global_step": 100000, "rollout/ep_rew_mean": 0.9526999950408935, "_timestamp": 1709757305.7088134, "_runtime": 488.56012439727783, "_step": 999, "_wandb": {"runtime": 488}}