{"global_step": 100000, "rollout/ep_rew_mean": 0.11602500036358833, "_timestamp": 1709683594.8587282, "_runtime": 228.6340250968933, "_step": 999, "_wandb": {"runtime": 228}}