{"global_step": 100000, "rollout/ep_rew_mean": 0.14912499904632567, "_timestamp": 1709684361.705733, "_runtime": 245.55396008491516, "_step": 999, "_wandb": {"runtime": 245}}